{
  "encoder": "mamba",
  "order": "hilbert",
  "seed": 1,
  "steps": 300,
  "batch_size": 64,
  "n_params": 1249792,
  "train_sec": 432.7,
  "steps_per_sec": 0.693,
  "final_loss": -1.6732594466209412,
  "gpu_mem_gb": 8.593,
  "gpu": "NVIDIA A100-SXM-64GB",
  "eval_n": 1000,
  "opt_mean": 7.749371521,
  "greedy_single_traj_gap_pct": 38.71116783003299,
  "greedy_multistart_gap_pct": 32.24165495694169
}