{
  "encoder": "mamba",
  "order": "sort",
  "seed": 1,
  "steps": 250000,
  "target_steps": 250000,
  "capped": false,
  "batch_size": 64,
  "n_params": 1249792,
  "train_sec": 49684.6,
  "steps_per_sec": 5.032,
  "gpu_hours": 13.801,
  "final_loss": -0.3489051574468613,
  "gpu_mem_gb": 5.471,
  "gpu": "NVIDIA A100-SXM-64GB",
  "eval_n": 1000,
  "opt_mean": 7.749371521,
  "greedy_single_traj_gap_pct": 7.116193516395097,
  "greedy_multistart_gap_pct": 3.640070224266534
}