{
  "encoder": "mamba",
  "order": "random",
  "seed": 1,
  "steps": 250000,
  "target_steps": 250000,
  "capped": false,
  "batch_size": 64,
  "n_params": 1249792,
  "train_sec": 49589.3,
  "steps_per_sec": 5.041,
  "gpu_hours": 13.775,
  "final_loss": -0.3504014641046524,
  "gpu_mem_gb": 5.471,
  "gpu": "NVIDIA A100-SXM-64GB",
  "eval_n": 1000,
  "opt_mean": 7.749371521,
  "greedy_single_traj_gap_pct": 6.4011135943790265,
  "greedy_multistart_gap_pct": 3.31930200467907
}