{
  "encoder": "mamba",
  "order": "hilbert",
  "seed": 1,
  "steps": 250000,
  "target_steps": 250000,
  "capped": false,
  "batch_size": 64,
  "n_params": 1249792,
  "train_sec": 39323.4,
  "steps_per_sec": 4.832,
  "gpu_hours": 10.923,
  "final_loss": -0.30899948298931124,
  "gpu_mem_gb": 5.479,
  "gpu": "NVIDIA A100-SXM-64GB",
  "eval_n": 1000,
  "opt_mean": 7.749371521,
  "greedy_single_traj_gap_pct": 8.335949590993618,
  "greedy_multistart_gap_pct": 4.456924678259888
}