{
  "encoder": "attention",
  "order": "hilbert",
  "seed": 1,
  "steps": 250000,
  "target_steps": 250000,
  "capped": false,
  "batch_size": 64,
  "n_params": 1269760,
  "train_sec": 36402.3,
  "steps_per_sec": 5.219,
  "gpu_hours": 10.112,
  "final_loss": -0.11040290519595146,
  "gpu_mem_gb": 5.103,
  "gpu": "NVIDIA A100-SXM-64GB",
  "eval_n": 1000,
  "opt_mean": 7.749371521,
  "greedy_single_traj_gap_pct": 2.95291984279733,
  "greedy_multistart_gap_pct": 1.9063466099461523
}