{
  "encoder": "hybrid",
  "order": "hilbert",
  "seed": 2,
  "steps": 500000,
  "target_steps": 500000,
  "capped": false,
  "batch_size": 64,
  "n_params": 1213184,
  "train_sec": 51279.2,
  "steps_per_sec": 4.875,
  "gpu_hours": 14.244,
  "final_loss": -0.21345051050186156,
  "gpu_mem_gb": 5.377,
  "gpu": "NVIDIA A100-SXM-64GB",
  "eval_n": 1000,
  "opt_mean": 7.749371521,
  "greedy_single_traj_gap_pct": 3.0975209009270976,
  "greedy_multistart_gap_pct": 1.051452847809875
}