{
  "encoder": "hybrid",
  "order": "hilbert",
  "seed": 3,
  "steps": 250000,
  "target_steps": 250000,
  "capped": false,
  "batch_size": 64,
  "n_params": 1213184,
  "train_sec": 51441.5,
  "steps_per_sec": 4.86,
  "gpu_hours": 14.289,
  "final_loss": -0.2619383633136749,
  "gpu_mem_gb": 5.364,
  "gpu": "NVIDIA A100-SXM-64GB",
  "eval_n": 1000,
  "opt_mean": 7.749371521,
  "greedy_single_traj_gap_pct": 4.454500303072528,
  "greedy_multistart_gap_pct": 1.7412983468731547
}