{
  "encoder": "mamba",
  "order": "hilbert",
  "seed": 2,
  "steps": 250000,
  "target_steps": 250000,
  "capped": false,
  "batch_size": 64,
  "n_params": 1249792,
  "train_sec": 51561.7,
  "steps_per_sec": 4.849,
  "gpu_hours": 14.323,
  "final_loss": -0.3324760377407074,
  "gpu_mem_gb": 5.471,
  "gpu": "NVIDIA A100-SXM-64GB",
  "eval_n": 1000,
  "opt_mean": 7.749371521,
  "greedy_single_traj_gap_pct": 6.3557027088897655,
  "greedy_multistart_gap_pct": 2.4028758773812164
}