{
  "encoder": "hybrid",
  "order": "hilbert",
  "seed": 3,
  "steps": 500000,
  "target_steps": 500000,
  "capped": false,
  "batch_size": 64,
  "n_params": 1213184,
  "train_sec": 52050.8,
  "steps_per_sec": 4.803,
  "gpu_hours": 14.459,
  "final_loss": -0.1838095900416374,
  "gpu_mem_gb": 5.377,
  "gpu": "NVIDIA A100-SXM-64GB",
  "eval_n": 1000,
  "opt_mean": 7.749371521,
  "greedy_single_traj_gap_pct": 3.1364401218918037,
  "greedy_multistart_gap_pct": 1.3654278942834885
}