{
  "encoder": "attention",
  "order": "hilbert",
  "seed": 3,
  "steps": 500000,
  "target_steps": 500000,
  "capped": false,
  "batch_size": 64,
  "n_params": 1269760,
  "train_sec": 10018.5,
  "steps_per_sec": 5.19,
  "gpu_hours": 2.783,
  "final_loss": -0.08348231643438339,
  "gpu_mem_gb": 5.103,
  "gpu": "NVIDIA A100-SXM-64GB",
  "eval_n": 1000,
  "opt_mean": 7.749371521,
  "greedy_single_traj_gap_pct": 2.503167479358104,
  "greedy_multistart_gap_pct": 1.6206272255547383
}