{
  "encoder": "mamba",
  "order": "random",
  "seed": 3,
  "steps": 250000,
  "target_steps": 250000,
  "capped": false,
  "batch_size": 64,
  "n_params": 1249792,
  "train_sec": 50306.3,
  "steps_per_sec": 4.97,
  "gpu_hours": 13.974,
  "final_loss": -0.39606657445430754,
  "gpu_mem_gb": 5.471,
  "gpu": "NVIDIA A100-SXM-64GB",
  "eval_n": 1000,
  "opt_mean": 7.749371521,
  "greedy_single_traj_gap_pct": 7.450597308102358,
  "greedy_multistart_gap_pct": 3.395454459803071
}