{
  "encoder": "bimamba",
  "order": "hilbert",
  "seed": 1,
  "steps": 500000,
  "target_steps": 500000,
  "capped": false,
  "batch_size": 64,
  "n_params": 1248512,
  "train_sec": 51678.2,
  "steps_per_sec": 4.838,
  "gpu_hours": 14.355,
  "final_loss": -0.2184385049343109,
  "gpu_mem_gb": 5.471,
  "gpu": "NVIDIA A100-SXM-64GB",
  "eval_n": 1000,
  "opt_mean": 7.749371521,
  "greedy_single_traj_gap_pct": 4.892561517131022,
  "greedy_multistart_gap_pct": 1.5437917611774488
}