{
  "encoder": "mamba",
  "order": "hilbert",
  "seed": 3,
  "steps": 250000,
  "target_steps": 250000,
  "capped": false,
  "batch_size": 64,
  "n_params": 1249792,
  "train_sec": 51481.5,
  "steps_per_sec": 4.856,
  "gpu_hours": 14.3,
  "final_loss": -0.32741003096103666,
  "gpu_mem_gb": 5.471,
  "gpu": "NVIDIA A100-SXM-64GB",
  "eval_n": 1000,
  "opt_mean": 7.749371521,
  "greedy_single_traj_gap_pct": 7.814253586207465,
  "greedy_multistart_gap_pct": 4.055155253173703
}