{
  "encoder": "bimamba",
  "order": "random",
  "seed": 1,
  "steps": 250000,
  "target_steps": 250000,
  "capped": false,
  "batch_size": 64,
  "n_params": 1248512,
  "train_sec": 48744.6,
  "steps_per_sec": 5.129,
  "gpu_hours": 13.54,
  "final_loss": -0.41706194341182706,
  "gpu_mem_gb": 5.456,
  "gpu": "NVIDIA A100-SXM-64GB",
  "eval_n": 1000,
  "opt_mean": 7.749371521,
  "greedy_single_traj_gap_pct": 7.6122305249088695,
  "greedy_multistart_gap_pct": 3.2983440811050313
}