{
  "encoder": "hybrid",
  "order": "hilbert",
  "seed": 2,
  "steps": 250000,
  "target_steps": 250000,
  "capped": false,
  "batch_size": 64,
  "n_params": 1213184,
  "train_sec": 51014.6,
  "steps_per_sec": 4.901,
  "gpu_hours": 14.171,
  "final_loss": -0.27080728352069855,
  "gpu_mem_gb": 5.364,
  "gpu": "NVIDIA A100-SXM-64GB",
  "eval_n": 1000,
  "opt_mean": 7.749371521,
  "greedy_single_traj_gap_pct": 4.651514629846942,
  "greedy_multistart_gap_pct": 1.6067209110282255
}