{
  "encoder": "hybrid",
  "order": "hilbert",
  "seed": 1,
  "steps": 500000,
  "target_steps": 500000,
  "capped": false,
  "batch_size": 64,
  "n_params": 1213184,
  "train_sec": 51291.3,
  "steps_per_sec": 4.874,
  "gpu_hours": 14.248,
  "final_loss": -0.2052769887447357,
  "gpu_mem_gb": 5.377,
  "gpu": "NVIDIA A100-SXM-64GB",
  "eval_n": 1000,
  "opt_mean": 7.749371521,
  "greedy_single_traj_gap_pct": 3.012686229078798,
  "greedy_multistart_gap_pct": 1.0160348184228507
}