{
  "encoder": "mamba",
  "order": "hilbert",
  "seed": 1,
  "steps": 250000,
  "target_steps": 250000,
  "capped": false,
  "batch_size": 64,
  "n_params": 1282560,
  "train_sec": 51532.1,
  "steps_per_sec": 4.851,
  "gpu_hours": 14.314,
  "final_loss": -0.28443152338266375,
  "gpu_mem_gb": 5.473,
  "gpu": "NVIDIA A100-SXM-64GB",
  "eval_n": 1000,
  "opt_mean": 7.749371521,
  "greedy_single_traj_gap_pct": 8.377865438141697,
  "greedy_multistart_gap_pct": 4.51219304864805
}