{
  "encoder": "bimamba",
  "order": "hilbert",
  "seed": 1,
  "steps": 250000,
  "target_steps": 250000,
  "capped": false,
  "batch_size": 64,
  "n_params": 1248512,
  "train_sec": 52299.6,
  "steps_per_sec": 4.78,
  "gpu_hours": 14.528,
  "final_loss": -0.26301816701889036,
  "gpu_mem_gb": 5.456,
  "gpu": "NVIDIA A100-SXM-64GB",
  "eval_n": 1000,
  "opt_mean": 7.749371521,
  "greedy_single_traj_gap_pct": 5.554895895730549,
  "greedy_multistart_gap_pct": 1.8892467656677292
}