{
  "encoder": "bimamba",
  "order": "hilbert",
  "seed": 2,
  "steps": 250000,
  "target_steps": 250000,
  "capped": false,
  "batch_size": 64,
  "n_params": 1248512,
  "train_sec": 52153.5,
  "steps_per_sec": 4.794,
  "gpu_hours": 14.487,
  "final_loss": -0.2750813776254654,
  "gpu_mem_gb": 5.456,
  "gpu": "NVIDIA A100-SXM-64GB",
  "eval_n": 1000,
  "opt_mean": 7.749371521,
  "greedy_single_traj_gap_pct": 5.687768885060529,
  "greedy_multistart_gap_pct": 2.036641393175853
}