{
  "encoder": "mamba",
  "order": "hilbert",
  "seed": 1,
  "steps": 250000,
  "target_steps": 250000,
  "capped": false,
  "batch_size": 64,
  "n_params": 1266304,
  "train_sec": 52581.0,
  "steps_per_sec": 4.755,
  "gpu_hours": 14.606,
  "final_loss": -0.32189940333366396,
  "gpu_mem_gb": 5.473,
  "gpu": "NVIDIA A100-SXM-64GB",
  "eval_n": 1000,
  "opt_mean": 7.749371521,
  "greedy_single_traj_gap_pct": 7.859516794020327,
  "greedy_multistart_gap_pct": 4.126237441408387
}