{
  "encoder": "bimamba",
  "order": "hilbert",
  "seed": 3,
  "steps": 250000,
  "target_steps": 250000,
  "capped": false,
  "batch_size": 64,
  "n_params": 1248512,
  "train_sec": 51897.6,
  "steps_per_sec": 4.817,
  "gpu_hours": 14.416,
  "final_loss": -0.2687073156237602,
  "gpu_mem_gb": 5.456,
  "gpu": "NVIDIA A100-SXM-64GB",
  "eval_n": 1000,
  "opt_mean": 7.749371521,
  "greedy_single_traj_gap_pct": 5.473267060107179,
  "greedy_multistart_gap_pct": 1.8900036137592169
}